ETHDenver 2026 Events 12 Feb 2026 to 21 Feb 2026 bit.ly/ethdenver2026	Got an event? Submit here! For changes submit a fresh form.	Main Event Links Website Twitter	About Caladan Website Twitter Collab with us
Time	Event	Organizer	Venue	Registration	Notes
12 February, Thursday						
6:00 pm	8:00 pm	On-Chain AI: Denver Community Meetup & Networking Night	Hannah	Edgewater Beer Garden	https://www.meetup.com/on-chain-ai-denver-community-meetup-networking-night/events/312857549/	
15 February, Sunday						
7:30 am	9:00 am	AM Run & Workout w/ Bankless VC	BVC	Register to see address	https://luma.com/l394wy1s	
16 February, Monday						
10:00 am	6:30 pm	Multichain Day | ETHDenver 2026	Algorand Foundation	the Curtis Denver - a DoubleTree by Hilton Hotel	https://luma.com/multichaindayethdenver	
12:30 pm	6:00 pm	The Scaling Summit by 499 @EthDenver 2026	499	Register to see address	https://luma.com/ScalingEthDenver	
3:00 pm	5:30 pm	Ethereum Privacy Gathering	Spritz	4777 National Western Dr	https://luma.com/0piq3eap	
17 February, Tuesday						
4:00 am	10:00 am	The Jet Lag Club by ChainSecurity	ChainSecurity	Register to see address	https://luma.com/a0u55elc	
8:00 am	9:00 am	WTG PUMP III	WTG Ventures	Denver	https://luma.com/jwc1gg23	
9:00 am	1:00 pm	SheFi Investment Club Workshop - ETH Denver 2026	SheFi	Register to see address	https://luma.com/lbrqzp2u	
9:00 am	5:30 pm	BASS Denver 2026	Standford Blockchain	Register to see address	https://luma.com/BASS	
9:30 am	3:30 pm	ETHereal Frens: a Psychedelic Cactus Rave	PsyDAO.io and PlantMagicCafe.com	Plant Magic Cafe, 925 E 17th Ave, Denver, CO	https://www.plantmagic.org/events/ethereal-frens-a-psychedelic-cactus-rave	
9:30 am	7:00 pm	Hedera DevDay	Hedera	Asterisk	https://luma.com/hederadevday	
10:00 am	2:00 pm	Anchorage Digital Hacker House	Anchorage Digital	Register to see address	https://luma.com/2ow59bmz	
10:00 am	12:30 pm	Tezos Breakfast Club - ETHDenver	Tezos	The Wild	https://luma.com/tezos-breakfast-club-ETHDenver	
10:00 am	1:00 pm	Cantina x Hypernative Coffee and Convos-Tues	Cantina and Hypernative	Snooze, an A.M. Eatery	https://luma.com/EthDenverCoffeeWednesday	
10:00 am	6:00 pm	AdoptionCon | ETHDenver üá∫üá∏	Epic Web3	Hilton Garden Inn Denver Union Station	https://luma.com/adoptioncondenver26	
11:00 am	2:00 pm	ETHDenver Founders & Investors Brunch ‚ú® (invite only)	Fractl	Register to see addres	https://luma.com/fractl_ETHDenver	
11:00 am	2:00 pm	SQD Infra Leaders Mansion - Scaling Onchain Data in 2026	SQD and WebZero	Register to see addres	https://luma.com/i8btrqhs	
11:00 am	4:45 pm	Agentic Economy Hub | ETHDenver üá∫üá∏	Epic Web3	Hilton Garden Inn Denver Union Station	https://lu.ma/agenticeconomyhub	
11:30 am	5:00 pm	Hyperliquid Global Presents: Hypefest 2026	Circle, Flowdesk, Hyperdash and Native Markets	Register to see address	https://luma.com/y5uwdo3h	
12:00 pm	2:00 pm	57Blocks √ó SVB: Founders & Funds Lunch @ ETHDenver	‚Äã57Blocks	The Kitchen American Bistro	https://luma.com/fvlo9eab	
12:00 pm	6:00 pm	Optimism Scaling Summit	Optimism	Catbird Hotel	https://luma.com/ufx1y9z8	
2:00 pm	5:00 pm	Touch Grass: ETHDenver Campus Connect with Akash	Akash Network	Stick & Feather	https://luma.com/touchgrasscampusconnect	
2:00 pm	6:00 pm	The Privacy Salon | ETHDenver	Miden and Aleo	Improper City	https://luma.com/privacysalon	
2:00 pm	6:00 pm	Taco Tech Tuesday ETH Denver Powered By Autheo	Autheo	bartaco	https://luma.com/q0tmu93y	
3:00 pm	5:00 pm	The Future of Money Talk 57Blocks, Rain, Credit Coop I TradFi, On-Chain Rails and Agentic AI @ ETHDenver	57Blocks, Rain, Credit Coop	Coohills	https://luma.com/fqa4ieov	
3:00 pm	5:00 pm	x402 Developer Meetup	‚ÄãSpritz.chat	4777 National Western Dr	https://luma.com/dskrtj8v	
4:30 pm	7:30 pm	Sei Labs @ ETHDenver: Engineers & Beers	Sei Labs	Register to see address	https://luma.com/zo1pamwg	
5:00 pm	8:00 pm	Turbine Trials - Bot Battle Hackathon!	Turbine	Register to see address	https://luma.com/592hx4ou	
5:00 pm	9:00 pm	VC & Startup Soiree | Supermoon & Peanut Trade | ETH Denver	Supermoon and Peanut Trade	Register to see address	https://luma.com/nm4rcb47	
5:00 pm	9:00 pm	Hypefest VIP Afterparty	‚Äã‚ÄãAcross and HL Global	Register to see address	https://luma.com/f8hpcq1u	
6:00 pm	8:30 pm	ETH Denver - VIP dinner hosted by Rain, Persona & Coinflow	Rain, Persona and Coinflow	Register to see address	https://luma.com/ethdinner	
6:00 pm	9:00 pm	ETH Denver Happy Hour	Halborn and Guardrail	Register to see address	https://luma.com/ethdenver26	
6:00 pm	11:00 pm	Builder Nights Denver üá∫üá∏ | Presented by MetaMask ü¶ä, P2P, Linea, Summ, Tron, Pudgy, LiFi, DIN and more	Francesco Andreoli	Register to see address	https://luma.com/bndenver	
6:00 pm	1:00 am	The Best Event: BUIDL Mansion - The Kickoff @ ETHDenver	TBV	Register to see address	https://luma.com/TBE-Kickoff-EthDenver26	
6:30 pm	9:00 pm	üç∏ETHDenver VC + INVESTORS Private Cocktail Hour | Invited + Approval Only		Ballpark District	https://luma.com/ethdenver-vc-connect	
7:00 pm	10:00 pm	0G Private Table: Founder & VIP Dinner	0G Labs	Register to see address	https://luma.com/0g_table_ethdenver	
7:30 pm	11:00 pm	POKERFACE: Bear Market Edition ‚ô¶Ô∏è‚ô†Ô∏è‚ô£Ô∏è	WebZero	1725 E 30th Ave	https://luma.com/POKERFACE	
18 February, Wednesday						
8:00 am	9:00 am	WTG PUMP (Day 2)	WTG Ventures	Register to see address	https://luma.com/3ey27sn7	
8:00 am	10:00 am	Arbitrum DAO Morning Run	Arbitrum DAO	Register to see address	https://luma.com/zwwxq6ci	
9:00 am	11:00 am	Adventure Hike @ Red Rocks	Cryptorado	Lower South Lot 1	https://luma.com/qmpjq9wi	
9:00 am	4:30 pm	InnovateDenver 2026 Presented by The Tie	The TIE	Register to see address	https://luma.com/InnovateDenver2026	
9:00 am	11:00 pm	Protocol Security Roundtable - ETHDenver | QuillAudits	QuillAudits	Register to see address	https://luma.com/g6i5ip0m	
9:30 am	12:30 pm	Cold Weather Cafe	Succinct, Espresso, and Optimism	Coffee Sarap	https://luma.com/xy33bai4	
10:00 am	1:00 pm	Cantina x Hypernative Coffee and Convos-Wed	Cantina and Hypernative	Snooze, an A.M. Eatery	https://luma.com/EthDenverCoffeeWednesday	
10:00 am	1:00 pm	AI Meets Markets: Join CoinFund and Gensyn at Brunch	Gensyn and CoinFund	Register to see address	https://luma.com/AIBrunchETHDenver	
10:00 am	5:00 pm	(Official Side Event) Decentralized AI Summit	ETHDenver Official	4850 National Western Dr	https://luma.com/n73goivl	
10:00 am	1:00 pm	(Official Side Event) Academic & Researcher Mini Summit	ETHDenver Official	4850 National Western Dr	https://luma.com/mubw874u	
10:00 am	1:30 pm	(Official Side Event) Go To Market Summit	ETHDenver Official	4850 National Western Dr	https://luma.com/jwhjf90c	
10:00 am	5:00 pm	(Official Side Event) Scaling Ethereum Summit	ETHDenver Official	4850 National Western Dr	https://luma.com/1dqizz0e	
10:00 am	5:00 pm	(Official Side Event) Stablecoins Summit	ETHDenver Official	4850 National Western Dr	https://luma.com/vzaat2wi	
10:00 am	11:00 am	ETHVC Summit + Pitchfest (Hosted by Bufficorn Ventures + AKINDO)	Bufficorn Ventures and AKINDO	Register to see address	https://lemonade.social/e/ethvcsummit	
10:00 am	6:00 pm	ETHDenver 2026 ETHVC Summit + Pitchfest (Hosted by Bufficorn Ventures + AKINDO)	AKINDO	Legacy Building at the National Western Center	https://luma.com/ethdenver-ethvcsummit	
11:00 am	2:00 pm	Pitch Your Buidl | EthDenver	Stacks and Talent	Register to see address	https://luma.com/tss617zr	
11:00 am	8:30 pm	BUIDL on Fireblocks x Dynamic	Fireblocks and Dynamic	Green Spaces	https://luma.com/3ah3pm15	
11:30 am	2:30 pm	INTENTS with Hyperbridge	Webzero and Polytope Labs	Register to see address	https://luma.com/bthhr1ix	
11:30 am	2:30 pm	ETH Denver: The Midday Block	Wave Digital Assets and The Rodman Law Group	Federales Tacos & Tequila - RiNo, Denver	https://luma.com/b4wxx84e	
12:00 pm	3:00 pm	Anti Capital Presents: Web3 Connect ‚Äî ETHDenver	Anti Capital	Register to see address	https://luma.com/9jezjhvt	
12:00 pm	4:00 pm	THE INFRA LAYER | AI, DePIN & RWA Day | ETHDenver 2026	ForkOff	Register to see address	https://luma.com/r3fgdbmg	
12:00 pm	4:00 pm	Meet Sonic Labs - Networking Edition	Sonic	Mirus Gallery & Art Bar Denver, 1144 Broadway, Denver, CO 80203, USA	https://luma.com/wyd36w09	
12:00 pm	4:00 pm	THE CAPITAL LAYER | RWA, Stablecoins & Institutions	ForkOff	Register to see address	https://luma.com/ksneq0q0	
12:00 pm	5:00 pm	THE CAPITAL SUMMIT Denver	The Capital Summit	Five Points	https://luma.com/65mo6m23	
12:00 pm	5:00 pm	Backers & Builders by Kraken & Ink	Kraken	Register to see address	https://luma.com/backers-and-builders-denver	
12:00 pm	5:30 pm	Intents Day @ EthDenver	Near Foundation	Register to see address	https://luma.com/IntentsDay_Denver	
1:00 pm	5:00 pm	Applied AI Summit | ETHDenver	Lagrange	Denver	https://luma.com/3o44jret	
1:00 pm	5:00 pm	RoboCon @ ETHDenver	PrismaXAI	4800 National Western Dr, Denver, CO 80216, USA	https://luma.com/2v9ghwum	
1:00 pm	6:00 pm	FP Block Roundtable Denver	FP Block and Genzio Media	Register to see address	https://luma.com/8un968id	
2:00 pm	5:00 pm	(Official Side Event) ABCs for Blockchain Mini Summit	ETHDenver Official	4850 National Western Dr	https://luma.com/bz347yrk	
2:00 pm	5:00 pm	(Official Side Event) Mini Summit for Founders	ETHDenver Official	4850 National Western Dr	https://luma.com/3geg7xzg	
2:00 pm	6:00 pm	The Institutional Hour 2.0	Chainalysis and Utila	Register to see address	https://luma.com/um03d5hy	
2:00 pm	6:00 pm	Merkle Mini Meet at ETHDenver 2026	Merkle Science	Taft Stettinius & Hollister LLP (formerly Sherman & Howard L.L.C.)	https://luma.com/6nmxpb05	
3:00 pm	4:30 pm	AM Run & Workout w/ Bankless VC	BVC	Register to see address	https://luma.com/dou5axbq	
3:00 pm	5:00 pm	ETHDenver VCs & LPs Cocktail Hour ‚ú® (invite only)	Fractl	Register to see addres	https://luma.com/VCsLPs_ETHDenver	
3:00 pm	6:00 pm	Definitive + Avantis: Full Throttle Trading	‚ÄãDefinitive and Avantis	Register to see address	https://luma.com/hmpdc44p	
3:00 pm	6:00 pm	Retail is Here	Retail Aliiance	Barcelona Wine Bar	https://luma.com/tlwrfb93	
3:30 pm	6:00 pm	The DevRel Lodge üî•üèïÔ∏èü™µ	WebZero	1725 E 30th Ave	https://luma.com/devrellodge	
4:00 pm	7:00 pm	Data on Wax: An Allium Happy Hour	Allium	The Peach Crease Club	https://luma.com/vie443yq	
4:00 pm	5:00 pm	Off-Chain Happy Hour with Rain	Rain	The Wild	https://luma.com/1t8y2tel	
4:30 pm	7:30 pm	High Spirits: An Aptos & Edge Capital Happy Hour	Aptos and Edge Capital	Register to see address	https://luma.com/AptosEdgeHH	
4:30 pm	8:30 pm	Bera Happy Hour	BeraChain	One Shot Back	https://luma.com/h0if9kzc	
5:00 pm	7:00 pm	ETHDenver Off-Chain Happy Hour with Vouch	Vouch	Register to see address	https://luma.com/j5kk2seq	
5:00 pm	8:00 pm	Secure Your Sigs with Turnkey	Turnkey	Register to see address	https://luma.com/3b8gx9dw	
5:00 pm	8:00 pm	Rooftop Mixer @ ETHDenver with FailSafe	FailSafe	Register to see addres	https://luma.com/xi7ernet	
5:00 pm	8:00 pm	ETH Denver 2026 SVB Market Insights	SVB	Silicon Valley Bank	https://luma.com/ch1ejcz4	
6:00 pm	10:00 pm	Investors Meetup by Hybrid Capital	Hybrid Capital	Denver	https://luma.com/dd0xj8ni	
6:30 pm	8:30 pm	VIP Investors Dinner	NOTALONE VENTURES	Register to see address	https://luma.com/472rca2h	
7:00 pm	9:00 pm	Neverland Presents: Lost Boys' Supper Club	Neverland	Register to see address	https://luma.com/xc4d25um	
7:00 pm	10:00 pm	XRP Community Night Denver	Ripple	Register to see address	https://luma.com/chz145tf	
7:00 pm	10:00 pm	Eco Eats in Denver	Eco	Register to see address	https://luma.com/t6xq3qd0	
7:00 pm	11:00 pm	Dim Spirit Listening Party @ The Blockspace Church	WebZero	Register to see address	https://luma.com/listeningparty	
7:00 pm	11:00 pm	Proof of AI - Stablecoin, Agentic Payment & Autonomous Economy @EthDenver by Paypal Ventures & Kite AI & 499	499 and KITEAI	Register to see address	https://luma.com/ProofofAIDenver	
7:30 pm	11:00 pm	Stellar Game Night @ ETHDenver	Stellar Development Foundation	EDGE Restaurant and Bar	https://luma.com/ixjcmlsd	
8:00 pm	9:30 pm	VIP Dinner w/ IOSG Ventures	‚ÄãIOSG Ventures	Register to see address	https://luma.com/hhhhoch7	
8:00 pm	11:00 pm	Relay @ ETHDenver - Launch Party	Relay Intelligence	Register to see address	https://luma.com/kghon9yq	
8:00 pm	12:00 am	The Internet Money Side Event by Bitrefill	Bitrefill	Register to see address	https://luma.com/93457zm6	
19 February, Thursday						
8:00 am	4:00 pm	The Zen Den with Zircuit x Quanstamp | ETHDenver 2026	Zircuit and Quanstamp	Upswell RiNo Station	https://luma.com/zenden.ver	
8:30 am	10:00 am	Unofficial Solana Mini Summit at ETH Denver	Hexaco Alpha, Sushi, W3JOE, Hack VC, Polymarket, Zero Gravity, and Halborn	RISE Comedy - Denver Comedy, Improv, Stand Up and Sketch - Full Bar	https://luma.com/4fyfkz1w	
9:00 am	11:00 am	Climbing With Friends | ETH Denver	Panterra	Register to see addres	https://luma.com/7w1rzdij	
9:00 am	12:00 pm	VNTR Investor Roundtable Denver	VNTR	Register to see address	https://luma.com/cnoq0o28	
9:00 am	5:00 pm	(Official Side Event) Infrastructure Mini Summit	ETHDenver Official	4850 National Western Dr	https://luma.com/sgsdyvnf	
10:00 am	1:00 pm	Cantina x EthDenver Coffee and Convos-Thurs	‚Äã‚Äã‚ÄãCantina	Snooze, an A.M. Eatery	https://luma.com/EthDenverCoffeeThursday	
10:00 am	5:00 pm	(Official Side Event) Protocol Engineering Summit	ETHDenver Official	4850 National Western Dr	https://luma.com/wdlv5syc	
10:00 am	12:00 pm	Grind & Grow ‚òï w/ HypeLab, Beluga, DD.xyz, & Safary	HypeLab, Beluga, DD.xyz and Safary	Register to see address	https://luma.com/cbhvkxga	
10:00 am	1:00 pm	(Official Side Event) DePIN Mini Summit	ETHDenver Official	4850 National Western Dr	https://luma.com/3u9v3ge3	
10:00 am	1:00 pm	(Official Side Event) Governance Mini Summit	ETHDenver Official	4850 National Western Dr	https://luma.com/1omrt5ez	
10:00 am	1:00 pm	(Official Side Event) Prediction Markets & Oracles Mini Summit	ETHDenver Official	4850 National Western Dr	https://luma.com/9zfnwdnv	
10:00 am	2:00 pm	INJECTIVE: BUILD MODE - POWERED BY CHAINLINK	Injective and Chainlink	3851 Steele St Unit 1378	https://luma.com/INJXLINK	
10:00 am	2:00 pm	Quantum Summit at ETHDenver	Tectonic Labs	Register to see address	https://luma.com/ez0wln8b	
10:00 am	3:00 pm	(Official Side Event) EFDenver Summit	ETHDenver Official	4850 National Western Dr	https://luma.com/48tx17o1	
10:30 am	2:00 pm	Event Girlies Brunch üíÉ	WebZero	Register to see address	https://luma.com/eventsgirliesbrunch	
11:00 am	2:00 pm	Prediction Market Day - ETHDenver	Prophet	Denver	https://luma.com/81nlrqkz	
11:00 am	4:00 pm	Doge House @ Meow Wolf	DogeOS	Meow Wolf Denver's Convergence Station	https://luma.com/sjfbt4jl	
11:00 am	6:00 pm	SUPER//HOUSE ‚Äî SuperNet Builder House	Supernet	Lakewood	https://luma.com/8y104x4t	
11:15 am	2:30 pm	üèÄ Basketball Pick Up Game @ Eth Denver üá∫üá∏	Team Otonomos	Register to see address	https://luma.com/rdr3pv22	
11:30 am	1:00 pm	Meet your co-founder | Supermoon | Denver	Supermoon	Register to see address	https://luma.com/xdn9cw5l	
12:00 pm	2:30 pm	Frontier Markets @ EthDenver	Monad	Register to see address	https://luma.com/frontier-markets-ethdenver-2026	
1:00 pm	4:00 pm	BitAngels ETHDen Pitches & Networking	BitAngels	Register to see address	https://luma.com/BitAngels-ETHDen26	
1:00 pm	4:00 pm	EXCLUSIVE: Flora Apr√®s | Coffee, Cocoa & Code	Flora Network	Register to see address	https://luma.com/otuz0yzg	
1:00 pm	5:00 pm	The Privacy Meetup - Hosted by Aztec and Noir	Aztec	Register to see address	https://luma.com/3rfwm0pk	
1:00 pm	5:00 pm	Startup x Capital Summit | Supermoon & Peanut Trade | ETH Denver	Supermoon and Peanut Trade	Register to see address	https://luma.com/g3zm55jr	
1:00 pm	4:00 pm	DOGFOODING DAY	WebZero	Register to see addres	https://luma.com/dogfooding	
1:15 pm	3:15 pm	Yoga & Match with 0G	‚Äã‚Äã‚Äã‚Äã‚Äã‚Äã‚ÄãZero Gravity (0G)	Register to see address	https://luma.com/ethdenver_yoga	
2:00 pm	5:00 pm	(Official Side Event) Bitcoin Mini Summit	ETHDenver Official	4850 National Western Dr	https://luma.com/2g5x0ove	
2:00 pm	3:00 pm	Yes to Discord, No to InfoFi - How to Win the CT War // CommunityOne Masterclass	CommunityOne	4850 National Western Dr	https://luma.com/kk8r840b	
2:00 pm	7:00 pm	Open AGI Summit | ETHDenver Edition	Sentient	Register to see address	https://luma.com/6khv7iq9	
2:30 pm	5:30 pm	TBV Demo Day 11	TBV	Register to see address	https://luma.com/tbvdemoday11	
2:30 pm	4:00 pm	Startup Pitch Fest | Startup x Capital Summit | ETH Denver 2026	Supermoon	Register to see address	https://luma.com/i1lmcr1y	
3:00 pm	5:00 pm	Whitepaper Reading	WPReadingClub	LVC (Livestock Center) at the National Western Center	https://luma.com/vgmqwa5a	
3:00 pm	6:00 pm	ETH Denver Happy Hour Drinks at Walnut Room with Tectonic and Hack VC	Tectonic, Sushi, W3JOE, Hack VC, Polymarket, Zero Gravity, and Halborn	The Walnut Room, 3131 Walnut St, Denver, CO 80205, USA	https://luma.com/2akpqrf3	
3:30 pm	6:00 pm	The Throw Down: Axe Throwing with WebZero ü™ì	Webzero	1725 E 30th Ave	https://luma.com/sf653rqx	
4:00 pm	5:00 pm	Quantum Mixer at ETH Denver	Tectonic Labs	Register to see address	https://luma.com/mcokfwkl	
4:00 pm	7:00 pm	Pouring with Rain: Happy Hour	Rain	The Wild	https://luma.com/rwkm4w03	
5:00 pm	6:30 pm	AI DEPIN Robotics Mini Summit at ETH Denver	Tectonic, Sushi, W3JOE, Hack VC, Polymarket, Zero Gravity, and Halborn	RISE Comedy - Denver Comedy, Improv, Stand Up and Sketch - Full Bar	https://luma.com/a14t796u	
5:00 pm	8:00 pm	Dice for Loosies - Tplus.cx	TP PLUS CX	Register to see address	https://luma.com/2d2bh56o	
5:00 pm	9:00 pm	Global VCs & Family Offices Enjoy Latin Food	Taehee	Cimera	https://luma.com/zx2lgj6f	
5:30 pm	7:30 pm	Panoptic √ó JPEG Trading Happy Hour	Panoptic and JPEG Trading	Tamayo	https://luma.com/iqpne603	
5:30 pm	9:30 pm	Happy Hour + Trivia: BUIDLer Edition	Fireblocks, Dynamic and Sumsub	Green Spaces	https://luma.com/nlfz7p7e	
6:00 pm	8:00 pm	Cantina x Guardrail: Secured by Sundown	Cantina and Guardrail	Register to see address	https://luma.com/CantinaxGuardrailDenver	
6:00 pm	8:30 pm	ETHGlobal Happy Hour Denver	ETH Global	Register to see address	https://luma.com/ethglobal-happy-hour-denver-2026	
6:00 pm	9:00 pm	ETHDenver Salon Dinner hosted by Pantera Capital & Wilson Sonsini	Pantera and Wilson Sansini	The Kitchen American Bistro	https://luma.com/vh8gvrsi	
6:00 pm	9:00 pm	Infra x DeFi Builders Night @ETHDenver	Nirvana Labs, Goldsky, and Orbs Network	Number Thirty Eight	https://luma.com/rrdi6uoh	
6:00 pm	9:00 pm	ETH Denver VIP Institutional Soir√©e	Halborn and Blockaid	Register to see address	https://luma.com/ethdenverinstitutional	
6:00 pm	9:00 pm	DeFi Super-Bowl | Out Of The Gutter w/ Alchemix & Auto Finance	Alchemix and Auto Finance	Lucky Strike Denver	https://luma.com/4qeaigxy	
6:00 pm	10:00 pm	Meet Sonic Labs - Evening Edition	Sonic Labs	Mirus Gallery & Art Bar Denver	https://luma.com/u8utz0yo	
6:00 pm	10:00 pm	Ammalgam Poker Night @ ETHDenver	Ammalgam	Register to see addres	https://luma.com/uupmrn47	
6:00 pm	11:00 pm	BATTLE TRADE / ETHDENVER	Monad Foundation	Register to see address	https://luma.com/qkstovit	
7:00 pm	11:00 pm	Mamo Green Night | ETH Denver 2026	Daniela	Register to see addres	https://luma.com/au695rq2	
8:00 pm	1:00 am	When the Sun Glows Down	Glow	The Banshee House	https://luma.com/e1rebqcd	
9:00 pm	11:00 pm	Sei Labs @ ETHDenver: The After Party	Sei Labs	Register to see address	https://luma.com/2d8ifp7l	
9:00 pm	2:00 am	Doge House After Dark @ Meow Wolf - Presented by DogeOS x Tria	DogeOS	Meow Wolf Denver's Convergence Station	https://luma.com/9xwfxyyi	
20 February, Friday						
9:30 am	12:30 pm	Canton- CC Builder Breakfast	Canton Foundation	Register to see address	https://luma.com/dkze1sb3	
10:00 am	1:00 pm	(Official Side Event) Security Mini Summit	ETHDenver Official	4850 National Western Dr	https://luma.com/uk14akqq	
10:00 am	1:00 pm	COFFEE ON US ‚òï | Espresso at ETHDenver	Espresso Systems	Hearth	https://luma.com/xfh23w77	
10:00 am	1:00 pm	(Official Side Event) New Media & Storytelling Summit	ETHDenver Official	4850 National Western Dr	https://luma.com/e899c4vi	
10:00 am	1:00 pm	COFFEE ON US ‚òï | Espresso at ETHDenver	Espresso	Hearth	https://luma.com/coffeeonus	
10:00 am	2:00 pm	(Official Side Event) Developer Workshops Summit	ETHDenver Official	4850 National Western Dr	https://luma.com/5g75vdfg	
10:00 am	5:00 pm	(Official Side Event) DeFi Day Summit	ETHDenver Official	4850 National Western Dr	https://luma.com/2n5xo6xo	
10:00 am	5:00 pm	(Official Side Event) Builder Showcase Summit	ETHDenver Official	4850 National Western Dr	https://luma.com/88pqgod8	
10:00 am	2:00 pm	(Official Side Event) People's Choice (Un)Summit	ETHDenver Official	4850 National Western Dr	https://luma.com/ne43yyw1	
11:00 am	1:00 pm	Capital Summit Recovery Session: Hot Wallet, Cold Plunge	Taehee	Register to see address	https://luma.com/n8b7r517	
11:00 am	4:30 pm	‚ú® Zero Coding With 0G @ EthDenver 2026 üéß	0G Foundation	The Banshee House	https://luma.com/zerocoding_ethdenver2026	
12:00 pm	3:00 pm	PromptOff! Vibe Coding Contest	WebZero	1725 E 30th Ave	https://luma.com/vibecodingcomp	
12:00 pm	5:00 pm	Cointelegraph Connect: Denver Edition	Cointelegraph	Limelight Denver	https://luma.com/wwqizahy	
1:00 pm	4:00 pm	Denver Dodgeball 2026	Alex	4809 Race St	https://luma.com/dy6tjqih	
1:30 pm	5:00 pm	Ambient x Nansen ethdenver closing Happy Hour	Nansen AI	Stowaway Kitchen	https://luma.com/64ey2ly0	
2:00 pm	5:00 pm	(Official Side Event) Public Goods Mini Summit	ETHDenver Official	4850 National Western Dr	https://luma.com/oo6fjfsq	
3:00 pm	7:00 pm	WebZero Family BBQ	WebZero	1725 E 30th Ave	https://luma.com/familybbq	
3:00 pm	9:00 pm	(Official Side Event) Art Nexus @ ETHDenver 2026 PPN x MyPalette.xyz || MetaSill.io Exhibition || Stand With Crypto	ETHDenver Official	4850 National Western Dr	https://luma.com/dq7dwltq	
4:00 pm	6:00 pm	Open Frontier Happy Hour	Larry Williams Jr.	Register to see address	https://luma.com/tkuylmfz	
4:30 pm	6:30 pm	Liquidity & Liquors: Starknet's Private Trader Meetup	StarkWare	Register to see address	https://luma.com/2t5kv3kn	
5:00 pm	8:00 pm	ETHDenver 2026 Student Mixer	Boiler Blockchain, CU Blockchain, CollegeDAO, College.xyz and Gemini	BUIDLHUB Judging Space	https://luma.com/uqknomr3	
5:00 pm	10:00 pm	Nads Happy Hour	Something Tools and Mace Labs	Register to see address	https://luma.com/pnq7uofz	
5:30 pm	7:30 pm	RaidGuild LongTable Dinner	WebZero	Register to see address	https://luma.com/sfla49gr	
6:00 pm	7:30 pm	An ETHDenver Side Event | Powered by Digital Ascension Group	Ray Fuentes	Register to see address	https://luma.com/fl0rf7hl	
6:00 pm	9:00 pm	ETH Denver VIP Institutional Soir√©e	Halborn	Register to see address	https://luma.com/ConsensusHK2026Opening	
6:00 pm	12:00 am	The Best Event: BUIDL Mansion - Meet The VCs @ ETHDenver	TBV	Register to see address	https://luma.com/TBE.ETHDenver26.MTVC	
6:30 pm	11:00 pm	BlockMitzvah @ ETH Denver - Shabbat Dinner	BlockMitzvah	TBD	https://luma.com/adl8c81y	
7:00 pm	9:30 pm	0G AI Accelerator: Founders Open Night (RSVP Required, Limited Spots) üöÄ	0G Labs	Register to see address	https://luma.com/AI_Accelerator_EthDenver2026	
7:00 pm	10:00 pm	Starknet BTCF1 Mixer	StarkWare	F1 Arcade Denver	https://luma.com/iyuk9y98	
8:00 pm	4:00 am	VIBE CHECK 4	Museum of Electronic Music - Denver	Museum of Electronic Music - Denver	https://luma.com/wgl394lf	
9:00 pm	1:00 am	(ai)RL: ETHDenver - hosted by Gensyn	Gensyn	Mockingbird	https://luma.com/aiRLETHDenver	
21 February, Saturday						
9:00 am	1:00 pm	Lil Nouns Coffee Rave	Russ Ballard	Register to see address	https://luma.com/mwrynwc1	
2:30 pm	1:00 am	The Best Event: BUIDL Mansion - Afterdark @ ETHDenver	TBV	Register to see address	https://luma.com/TBE-AFTERDARK-EthDenver26	
6:30 pm	10:00 pm	Superposition: Qubits on Tap üçª	Quip Network	Register to see address	https://luma.com/y0rwkuvy	
Multi-day Hackathons and Events						
Feb 12-26		Lil Quest: ETH Colorado	Lil NOUN DAO	Denver	https://luma.com/5grqjno2	
Feb 13-15		EthBoulder 2026	EthBoulder and Allo.Capital	eTown Hall	https://luma.com/o9qpeepn	
Feb 15-17		Camp BUIDL	ETHDenver Official	4850 National Western Dr	https://lemonade.social/e/campbuidl	
Feb 15-21		Nibuwu Content House, EthDenver	Nibiru Chain	Denver	https://luma.com/ejwvu3fo	
Feb 16-18		darkMode 2026	Security Alliance	Register to see addres	https://luma.com/m6q8aqcw	
Feb 16-21		Bubbl Crypto Club ‚Äì #ETHDenver2026	Bubbl	4850 National Western Dr	https://luma.com/id0gozrz	
Feb 16-21		The Blockspace Church ‚úû powered by Polkadot	WebZero	1725 E 30th Ave	https://luma.com/theblockspacechurch	
Feb 17-18		Monad Blitz | ETHDenver 2026	Monad	Register to see address	https://luma.com/monad-blitz-ethdenver-2026	
Feb 17-18		Monad Blitz: Friends & Family | ETHDenver 2026	Monad	Register to see address	https://luma.com/monad-blitz-friends-ethdenver-2026	
Feb 17-20		Co-Working and Private Chef with Polkadot	WebZero	1725 E 30th Ave	https://luma.com/w9djae21	
Feb 17-21		GM Podcast @ ETHDenver	Genzio Media	Register to see address	https://luma.com/1jo3mxeu	
Feb 17-21		ONE OF US Run & Coffee // Aya, Cudis, 071Labs, Hedera, Aethir & FOMO Magazine	ONE OF US, Aya, Cudis, Aethir, 071Labs, Hedera & FOMO Magazine	Hello Darling (Commons Park)	https://luma.com/lvc38rqj	
Feb 17-21		ONE OF US Lift & Coffee // Aya, Cudis, 071Labs, Hedera, Aethir & FOMO Magazine	ONE OF US, Aya, Cudis, Aethir, 071Labs, Hedera & FOMO Magazine	Denver Barbell Club	https://luma.com/3067hqoz	
Feb 17-21		üéô #36 | $47,000* Pitch by Ga^3in VC x Boosty Labs at ETH Denver	Ga^3in Ventures	Denver	https://luma.com/xt6bhzhi	
Feb 18-20		At the Wild, With Rain ‚Äî A Stable Homebase	Rain	The Wild	https://luma.com/f5tgb481	
